เ	22262
โ	2778
ฯ	2392
ใ	766
ไ่	713
ไ	654
แ	653
เ้	581
ไ้	507
เ่	347
เี	342
แ่	341
เิ	338
แ้	320
เ็	295
ใ้	240
เื	198
ไำ	181
ใ่	178
ไี	130
เื่	124
็ฯ	111
แั	104
เะ	85
ๆเ	77
โ้	74
เํ	69
เึ	67
เเ	59
เา	56
เี่	50
เุ	42
เำ	36
แึ	33
โื	31
โ่	29
ใึ	21
โิ	20
แะ	18
โี	18
ําเ	18
แํ	17
เิ่	16
เี๋	13
ใั	13
แื	12
เ๊	12
ัเ	12
๔	11
้เ	10
เีี	10
แุ	10
ใี	9
แำ	9
แี	9
แ่่	9
์เ	8
แึ่	8
ไะ	8
่เ	8
เู	8
เ็้	8
เ้้	7
เ๋	7
เ้า	7
เื้	7
เ่่	6
ไแ	6
๖	6
แา	6
ไีี	6
ํ้าเ	6
โ๊	5
เฺ	5
ไั	5
ๆแ้	5
ืเ	5
ๆแ	5
แ๊	5
ใ้้	5
แ็	5
แิ	5
ไๆ	5
แ้้	5
เี้	4
ไ่้	4
โิ้	4
๙	4
แำ้	4
ไใ่	4
๗	4
๓	4
เิิ	4
ไิ	4
โุ	4
โะ	4
โึ	4
ไ้้	4
เึึ	4
ไ่่	4
เีื่	4
ใึี	4
เ๔	3
เำื่	3
เแ	3
ัฯ	3
เืื	3
๕	3
่แ	3
เแ็	3
เึ้	3
เ็็	3
ใุ	3
เเ่	3
ัาเ	3
ั้เ	3
๘	3
ไใา	2
ีแ่	2
เื่ื่ี	2
๓า	2
ๆใ่	2
๔่	2
เำื	2
้๗	2
ไ้่	2
เิี	2
ไุ	2
ไึแ	2
ไื	2
๑	2
๐	2
โ์	2
เีิ	2
ฯะ	2
เีื	2
ใา	2
โฺ	2
แฺ	2
โำ	2
เไ	2
เเ้	2
ๆไำ	2
่ไ้	2
ไา	2
ไเ้	2
ใื	2
ๆไ	2
ื่เ	2
ํ่าเ	2
็เ	2
เิ้	2
เึ้่	2
เ๓	2
เีิ้	2
โีี	2
ใำ	2
ื่แ	2
เํํ	2
ๆฯ	2
ืะเ	2
๊เ	2
ะเ	2
เื่ี	2
โิิ	1
ๆโ	1
เใื่	1
เูุ	1
ฯื	1
เำิ่	1
เื่า	1
โ๊๊	1
ฯ์	1
เํี	1
ๆใ้	1
เฺฺ	1
เี่ี่	1
แำำ	1
ื๖	1
แ๗	1
๓ใ๓	1
้์๒	1
๓ใํ	1
ๆๆเใ๐	1
๒๋	1
ไ๖แ	1
๊๘	1
ใ้่	1
เำำ	1
ใึึ	1
์เ้	1
เู่	1
ำ๊ไ์	1
ใไ	1
ุแ่	1
แื็	1
ไแ้	1
๔ื	1
๑๐	1
ไี่	1
ใใใ	1
ไฺ	1
๕์	1
โะ่	1
ิเิ	1
เืี่	1
เ๙็	1
เื่ื	1
้เา	1
เาะ	1
แื่	1
ใิ้้	1
ฯเ	1
าเ	1
่ัะแ	1
๖ุ้	1
เืิ	1
แืืื	1
ะไ	1
์แ	1
แู	1
ั๘	1
ๆเ้	1
ฯุ	1
โแ	1
แแั	1
ืแ	1
้ิเ	1
เํ๊ํ๊	1
ๆเุึ	1
ำีไีี	1
ีเึ	1
แีี	1
้เ้	1
ใใใใใใใใใ	1
ใใใใใใใ	1
ใใใใใใใใใใใใใใใใใใ	1
ฺ้เฺ	1
เ้ิ	1
ใ๙่	1
ใฺ	1
๘ั้	1
โำำ	1
ัีฯ	1
ๆไ้	1
็แ่	1
โ้ึ	1
ๆใ	1
้ไ	1
โๆ	1
เื็	1
๒	1
๎โ	1
โููุ	1
๖์	1
เีีัี	1
เเะ	1
โ๊ะ	1
้ไ้	1
ีเ	1
้้้เ	1
ใั่	1
๙ี	1
ื๘	1
์๘	1
ั้าเ	1
้เเ	1
ํเ	1
ฯฯฯ	1
่ไ	1
๑ะ	1
ั้ไ	1
ฯฯ	1
ั้ใ	1
่ไแ	1
แไ	1
โ็	1
เะิ	1
โั	1
เิา	1
แิฺ	1
แึึ	1
เืื่	1
เ้็	1
เ่ี	1
เืีั	1
ไเ	1
ี่ใ้	1
แึ่ึ	1
้แึ่	1
ำไี	1
แั๊	1
แเ	1
แิ้	1
ใิ	1
็ไ	1
แึ้่	1
ไำ้	1
แืี	1
แุึ	1
ื๙	1
ำีไี	1
๔้	1
๒๒๖	1
๒๐๐๐	1
าไ	1
เี่ี	1
ใ่้	1
เิี่	1
้้แ้	1
ัใ	1
ๆๆๆเ	1
แึ้	1
่ำๆเ	1
ไ่ี	1
เฺฺ้	1
๔ุ	1
ไึึีึ	1
ใำ้	1
โฯ	1
ำแ	1
โ็ฺ	1
ฯิ	1
โืืื	1
ไำ่	1
ไไไ	1
ใ่่	1
แ์	1
โื๋	1
้ใ่	1
เ๘	1
โ๋	1
ไใ	1
