# Southern Thai (ภาษาใต้ / ปักษ์ใต้) words, compiled 2026-10-03. Not yet in any deck.
# Columns: southern	central	english	sources	notes
# Sources: wikt = en.wiktionary Southern Thai; tidjor = tidjor.com/fruitsouthern; mtp = info.muslimthaipost.com/article/17200;
#   psu = clib.psu.ac.th/southerninfo; mod = learnthaiwithmod.com (2019); mrs = midtownratsada.com (Phuket-leaning); pantip = pantip 30968877
ลูกม่วง	มะม่วง	mango	tidjor,mrs	มะ- prefix becomes ลูก- or is dropped; mrs spells หลุกหมวง
ลูกพร้าว	มะพร้าว	coconut	(pattern)	also just พร้าว; same มะ-dropping pattern
แตงจีน	แตงโม	watermelon	tidjor,mtp,mod	lit. "Chinese melon"
ลอกอ	มะละกอ	papaya	tidjor,mtp,psu,mod
หย่านัด	สับปะรด	pineapple	tidjor,mtp,psu,mod,wikt	also ยานัด / ย่าหนัด; from Portuguese ananás
ชมพู่	ฝรั่ง	guava	wikt,tidjor,pantip,mod	confusingly, Central ชมพู่ is rose apple; also ยาหมู่ / ย่าหมู (mtp, tidjor, mrs)
น้ำดอกไม้	ชมพู่	rose apple	tidjor,pantip	also ชมโพ่ (mrs, mtp)
หัวครก	มะม่วงหิมพานต์	cashew	tidjor,pantip,psu	also กาหยู / กาหยี (mtp, mrs)
น้ำเต้า	ฟักทอง	pumpkin	tidjor,mtp	Central น้ำเต้า is the bottle gourd
นาวโอ	ส้มโอ	pomelo	tidjor
หนุน	ขนุน	jackfruit	tidjor
ลูกเรียน	ทุเรียน	durian	tidjor
ราโบด	เงาะ	rambutan	tidjor
คง	ข้าวโพด	corn	mtp,mod
ขี้หมิ้น	ขมิ้น	turmeric	mtp
ไคร	ตะไคร้	lemongrass	mtp
ดีปลี	พริก	chilli	mtp,wikt
เต้าแหง่	ถั่วงอก	bean sprouts	pantip
เดาะไม้	ดอกไม้	flower	mtp
แหลง	พูด	to speak	wikt,mod,mrs	แหลงใต้ = speak Southern Thai
หรอย	อร่อย	delicious	wikt,mtp,mod
จังหู้	มาก	very / a lot	wikt,mod	หรอยจังหู้ = really delicious
บ่ายดี	สบายดี	well / fine	mrs,mod	also บายดี (wikt)
บ่ายดีหม้าย	สบายดีไหม	how are you?	mrs,mod
พันพรือ	อย่างไร	how?	mrs,mod	พันพรือมั่ง = how are things?
ม่าย	ไหม	(yes/no question particle)	wikt
ม่ารู่ม้าย	ไม่รู้	don't know	mtp
ไซ	ทำไม	why	mtp
หลาด	ตลาด	market	wikt
เล	ทะเล	sea	wikt
เกือก	รองเท้า	shoes	wikt
ตู	ประตู	door	wikt
นากา	นาฬิกา	clock	wikt
แล	ดู	to look	(thaipod101 via search)
หวิบ	โกรธ	angry	mtp,mod
หวังเหวิด	กังวล	worried	mtp	(bangkokbusline glosses it "well-intentioned" — rejected)
หมัน	ถูก	correct / right	mod
ขี้หก	โกหก	to lie / liar	mod
ขี้ชิด	ขี้เหนียว	stingy	mod
ท่า	รอ	to wait	mod	ท่าอยู่ = I'm waiting
แขบๆ	รีบๆ	hurry!	mod
โม่	โง่	stupid	mtp	also โบ่
ฮัว	วัว	cow	mtp
ลิว	ขว้าง	to throw	mtp	also ซัด
หร่อย	ร้อย	hundred	wikt
หยีบ	ยี่สิบ	twenty	wikt
หลาว	เล่า	to tell (a story)	wikt
ถิม	แทง	to stab / prick	wikt
ยัง	มี	to have	wikt	Central ยัง means "still / yet"
ล้อถีบ	จักรยาน	bicycle	psu	lit. "kick wheels"
ล้อมู้ตู	มอเตอร์ไซค์	motorcycle	psu
พุ่น	กะละมัง	basin	psu
จอก	แก้วน้ำ	drinking glass	psu
แว่นฉาย	กระจก	mirror	psu
กำปง	หมู่บ้าน / ตำบล	village	psu	from Malay kampung
ควน	เนิน	hill / mound	wikt	common in place names (ควนขนุน)
บูดู	—	budu (fermented fish sauce)	wikt	Malay-influenced deep-south staple
โก่ปี้	กาแฟร้อนใส่นม	hot coffee with milk	mrs	Phuket Hokkien (kopi), not general Southern
กิ้ดเหล้ง	ไอศกรีม	ice cream	mrs	Phuket Hokkien
# --- batch 2, 2026-10-03. Sources: b108 = southernlanguage.blogspot.com (108 words); pj = board.postjung.com/783196;
#   satun = satun12345.blogspot.com; mthai = mthai.com/campus/45825; sanook = sanook.com/campus/1390689;
#   nani = nanitalk.com; gtk = gotoknow/nectec idiom snippets; search = search-result snippets
ต่อเช้า	พรุ่งนี้	tomorrow	b108,satun,pj	Central: พรุ่งนี้.
ต่อโพรก	พรุ่งนี้	tomorrow (variant)	pj	Central: พรุ่งนี้.
ต่อรือ	มะรืน	the day after tomorrow	pj	Central: มะรืน.
ต่อเหรือง	วันถัดจากมะรืน	in three days	pj	Central: วันถัดจากมะรืน.
แต่วา	เมื่อวาน	yesterday	pj	Central: เมื่อวาน.
คุมวัน	จนทุกวันนี้	until today / to this day	pj,sanook	Central: จนทุกวันนี้.
ในโย	ปัจจุบัน	nowadays	pj	Central: ปัจจุบัน.
มุ้งมิ้ง	โพล้เพล้	dusk	b108	Central: โพล้เพล้.
ตอใด	เมื่อไหร่	when?	pj	Central: เมื่อไหร่.
ไอไหร	อะไร	what?	b108	Central: อะไร. Also ไตร.
ไม่หอน	ไม่เคย	never	search	Central: ไม่เคย.
จังเสีย	เยอะจัง	so many / so much	b108	Central: เยอะจัง.
อาคาด	มากมาย	loads / heaps	b108	Central: มากมาย.
กองลุย	เยอะแยะ	heaps (lit. piled up)	pj	Central: เยอะแยะ.
ราสา	เยอะแยะ	masses / plenty	pj	Central: เยอะแยะ.
หนัดเหนียน	เยอะแยะ	lots and lots	pj	Central: เยอะแยะ.
หิด	นิดหน่อย	a little / a bit	b108,pj	Central: นิดหน่อย.
หิดหุ้ย	นิดเดียว	a tiny bit	pj	Central: นิดเดียว.
แต็ด	นิดหน่อย	a tad	pj	Central: นิดหน่อย. Also แยด.
ทั้งเพ	ทั้งหมด	all / the lot	pj	Central: ทั้งหมด.
เหม็ด	หมด	all gone / used up	b108	Central: หมด.
หมดฉาด	หมดเกลี้ยง	completely gone	pj	Central: หมดเกลี้ยง. Also เหม็ดฉาด.
หาม้าย	ไม่มี	there isn't any	pj	Central: ไม่มี.
หม้ายไหร	ไม่มีอะไร — also "poor"	nothing / broke	pj	Central: ไม่มีอะไร — also "poor".
หนอยหนอย	เบาๆ	gently / softly	b108	Central: เบาๆ.
ฉาน	ฉัน	I / me	search	Central: ฉัน.
เติ้น	เธอ / คุณ	you	search	Central: เธอ / คุณ.
โหม๋เรา	พวกเรา	we / us (our lot)	b108,pj	Central: พวกเรา. โหม = group.
นายหัว	เจ้านาย	the boss (man in charge)	b108	Central: เจ้านาย. The classic Southern word for a rubber-plantation or business owner.
พี่บ่าว	พี่ชาย	older brother / young man	b108,mthai	Central: พี่ชาย. บ่าว = young man.
สาวนุ้ย	น้องสาว	younger sister / young girl	b108	Central: น้องสาว. นุ้ย = little.
หึงสา	อิจฉา	jealous / envious	pj,sanook	Central: อิจฉา.
ข้องใจ	คิดถึง, เป็นห่วง	to miss / worry about	satun	Central: คิดถึง, เป็นห่วง.
ขวยใจ	กังวลใจ	anxious / concerned	pj,sanook	Central: กังวลใจ.
เฉียวฉาว	ไม่ค่อยสบาย	under the weather	pj,sanook	Central: ไม่ค่อยสบาย.
หูนอน	ง่วงนอน	sleepy	b108	Central: ง่วงนอน.
เนือย	หิว	hungry	satun,mod	Central: หิว.
เอม	อิ่ม	full (after eating)	b108	Central: อิ่ม.
ถอดสี	กลัว, ประหม่า	scared stiff (lit. lose colour)	b108,gtk	Central: กลัว, ประหม่า. From a beaten fighting fish going pale.
สากลัว	กลัว	afraid	b108	Central: กลัว.
ได้แรงอก	สะใจ	serves them right / so satisfying	pj	Central: สะใจ.
หายเบ่อ	สมน้ำหน้า	serves you right	mthai	Central: สมน้ำหน้า.
ดายของ	เสียดาย	what a waste	b108	Central: เสียดาย.
เอิด	กร่าง	cocky / swaggering	b108,pj,mthai	Central: กร่าง. Also เหลิด.
ตาล่อ	โลภ	greedy	satun	Central: โลภ.
หาจก	ตะกละ	gluttonous	b108	Central: ตะกละ.
ทำถ้าว	ยุ่งเรื่องคนอื่น	nosy / meddling	pj	Central: ยุ่งเรื่องคนอื่น.
สับปลับ	กลับกลอก	two-faced (says one thing, then another)	pj,sanook	Central: กลับกลอก.
หกใส่	ใส่ร้าย	to slander / blame	b108	Central: ใส่ร้าย.
หล้าปาก	ปากไม่มีหูรูด	loose-tongued	b108	Central: ปากไม่มีหูรูด.
เบล่อ	ไม่เอาไหน	hopeless / useless	pj,mthai	Central: ไม่เอาไหน. Also เมล่อ.
ขาดหุ้น	ไม่เต็มบาท	not all there	pj	Central: ไม่เต็มบาท.
ไม่รู้หวัน	ไม่รู้เรื่อง	clueless	pj,mtp	Central: ไม่รู้เรื่อง. หวัน = day / sun.
ไม่หลาบ	ไม่เข็ด	never learns	b108	Central: ไม่เข็ด.
ฉีกเหงือก	ดันทุรัง	pig-headed / contrary	b108	Central: ดันทุรัง.
ด้น	ดุร้าย	fierce / vicious	pj	Central: ดุร้าย.
ทำนุ้ย	ทำตัวเป็นเด็ก	to act babyish	b108	Central: ทำตัวเป็นเด็ก.
ทำเฒ่า	แก่แดด, อวดรู้	to act like a know-it-all	b108	Central: แก่แดด, อวดรู้.
บ้าผู้	—	man-crazy (of a woman)	b108	A put-down. The male version is บ้าเหมีย.
เป้า	กระเป๋า	bag	b108	Central: กระเป๋า.
โทสับ	โทรศัพท์	telephone	b108	Central: โทรศัพท์.
โททัด	โทรทัศน์	TV	b108	Central: โทรทัศน์.
เก้าเอ้	เก้าอี้	chair	b108	Central: เก้าอี้.
บั้งกู๋	เก้าอี้ตัวเล็ก	little stool	b108	Central: เก้าอี้ตัวเล็ก.
ลูกแจ	กุญแจ	key	b108	Central: กุญแจ.
ทุ้งหยะ	ถังขยะ	rubbish bin	b108	Central: ถังขยะ.
โคม	กะละมัง	basin / bowl	b108	Central: กะละมัง.
หวัก	ทัพพี	ladle	mthai	Central: ทัพพี.
ช้อนชี่	ตะหลิว	wok turner	b108	Central: ตะหลิว. Also กิ้มซี๋.
ดานเฉียง	เขียง	chopping board	b108	Central: เขียง. Also ดานเตี้ยม.
ครกเบือ	ครก	mortar	satun	Central: ครก.
สากเบือ	สากกะเบือ	pestle	b108	Central: สากกะเบือ.
ฉ่าหิ้ว	ตะกร้า	basket	satun	Central: ตะกร้า.
เชียก	เชือก	rope	satun	Central: เชือก.
สายมือ	สร้อยข้อมือ	bracelet	b108	Central: สร้อยข้อมือ.
สายคอ	สร้อยคอ	necklace	b108	Central: สร้อยคอ.
หนน	ถนน	road	b108	Central: ถนน.
หลา	ศาลา	pavilion / rest hut	b108,mtp	Central: ศาลา.
เปรว	ป่าช้า	cemetery	satun	Central: ป่าช้า.
รถเครื่อง	มอเตอร์ไซค์	motorbike	b108	Central: มอเตอร์ไซค์.
รถถีบ	จักรยาน	bicycle	b108,pj,sanook	Central: จักรยาน. Also ล้อถีบ.
ตีน	เท้า	foot (everyday in the South)	b108	Central: เท้า. In Central Thai ตีน is vulgar!
โมง	ก้น	bottom / backside	b108	Central: ก้น.
พลิกเหมีย	เท้าแพลง	sprained ankle	b108	Central: เท้าแพลง.
เข็ด	ปวด, เคล็ด	sore / strained	b108	Central: ปวด, เคล็ด.
คัดพุง	แน่นท้อง	bloated / tight stomach	b108	Central: แน่นท้อง.
ลูกตอ	สะตอ	stink bean	b108	Central: สะตอ. A Southern staple.
งูบองหลา	งูจงอาง	king cobra	satun	Central: งูจงอาง.
นอนหวันแยงโมง	—	to laze about all day	b108	Lit. sleep till the sun shines on your bottom.
กินเหมือนผีอยู่ใน	—	to eat a lot and never get fat	gtk	Lit. eat as if a ghost lives inside you.
ขี้คร้านเหมือนเรือด	—	bone idle	gtk	Lit. lazy as a bedbug.
ช้างแล่นอย่ายุงหาง	—	don't stand in the way of the powerful	mtp	Lit. when the elephant runs, don't grab its tail.
คุ้ยขอนหาแข็บ	—	to dredge up a settled quarrel	mtp	Lit. rake through a log looking for trouble.
อยู่ไม่รู้หวัน	—	to be out of touch	mtp	Lit. living without knowing what day it is.
เหลี่ยมลอกอลิด	—	very cunning	mtp	Lit. as many angles as a cut papaya.
ลอกอชายไฟ	—	unappreciated now, valued later	mtp	A lament from someone overlooked who hopes to be missed.
ควัดด็องเปล่า	—	wasted effort	mtp	Lit. winnowing an empty tray.
ม่ายพรือ	ไม่เป็นไร	never mind / no worries	b108,nani	Central: ไม่เป็นไร.
หลบบ้าน	กลับบ้าน	to go home	b108,mthai,sanook,search	Central: กลับบ้าน. หลบ = to return.
หรอยแรง	อร่อยมาก	seriously delicious	mthai	Central: อร่อยมาก.
สวยหนัด	สวยมาก	really beautiful	mthai	Central: สวยมาก.
แลดี	ดูดี	looks good	b108	Central: ดูดี.
แข๊บหม้าย	รีบไหม	are you in a hurry?	b108	Central: รีบไหม.
มาต่ะ	มาสิ	come on! / come here	mthai,b108	Central: มาสิ. ตะ is the Southern สิ / นะ.
พันพรือหล้าว	เป็นยังไงอีก	what now?	pj	Central: เป็นยังไงอีก.
บ่าวหยอกนิน้อง	พี่แค่หยอกเล่น	I'm only teasing, love	pj	Central: พี่แค่หยอกเล่น.
หม่า...แหม่ะ	ไม่…หรอก	not … at all	b108	Central: ไม่…หรอก. Wraps the verb: หม่าไปแหม่ะ = I'm not going.
